Workbook

Sheet Daily Plan
A1: Week | B1: Date | C1: Day | D1: Phase | E1: Planned Hrs | F1: Topic | G1: Task / Deliverable | H1: Exam Domain | I1: Status | J1: Actual Hrs
A2: =INT((B2-DATE(2026,10,13))/7)+1 -> 1 | B2: 46308 | C2: =TEXT(B2,"ddd") -> Tue | D2: 1 Core services | E2: 1 | F2: Orientation | G2: Read SAA-C03 exam guide + domain weights. Set up AWS free-tier account, billing alarm, MFA. | H2: All | I2: Not started
A3: =INT((B3-DATE(2026,10,13))/7)+1 -> 1 | B3: 46309 | C3: =TEXT(B3,"ddd") -> Wed | D3: 1 Core services | E3: 1 | F3: IAM | G3: Users, groups, roles, policies (identity vs resource-based). | H3: Secure | I3: Not started
A4: =INT((B4-DATE(2026,10,13))/7)+1 -> 1 | B4: 46310 | C4: =TEXT(B4,"ddd") -> Thu | D4: 1 Core services | E4: 1 | F4: IAM / Organizations | G4: STS, SCPs, permission boundaries, cross-account access. | H4: Secure | I4: Not started
A5: =INT((B5-DATE(2026,10,13))/7)+1 -> 1 | B5: 46311 | C5: =TEXT(B5,"ddd") -> Fri | D5: 1 Core services | E5: 1 | F5: S3 basics | G5: Storage classes, versioning, lifecycle rules, static hosting. | H5: Cost / Resilient | I5: Not started
A6: =INT((B6-DATE(2026,10,13))/7)+1 -> 1 | B6: 46312 | C6: =TEXT(B6,"ddd") -> Sat | D6: 1 Core services | E6: 1.5 | F6: S3 security + LAB | G6: Bucket policies, encryption, replication. LAB: bucket + lifecycle + policy. | H6: Secure | I6: Not started
A7: =INT((B7-DATE(2026,10,13))/7)+1 -> 1 | B7: 46313 | C7: =TEXT(B7,"ddd") -> Sun | D7: 1 Core services | E7: 1.5 | F7: EC2 | G7: Instance families, purchasing options (On-Demand/Reserved/Spot), AMIs, placement groups. | H7: Performance / Cost | I7: Not started
A8: =INT((B8-DATE(2026,10,13))/7)+1 -> 1 | B8: 46314 | C8: =TEXT(B8,"ddd") -> Mon | D8: 1 Core services | E8: 1 | F8: EBS / EFS / FSx | G8: Volume types, snapshots, instance store, EFS vs FSx use cases. | H8: Performance | I8: Not started
A9: =INT((B9-DATE(2026,10,13))/7)+1 -> 2 | B9: 46315 | C9: =TEXT(B9,"ddd") -> Tue | D9: 1 Core services | E9: 1 | F9: VPC (1) | G9: Subnets, route tables, IGW, NAT gateway. (Map to what you know from Network+.) | H9: Secure / Resilient | I9: Not started
A10: =INT((B10-DATE(2026,10,13))/7)+1 -> 2 | B10: 46316 | C10: =TEXT(B10,"ddd") -> Wed | D10: 1 Core services | E10: 1 | F10: VPC (2) | G10: Security groups vs NACLs, VPC endpoints, peering, Transit Gateway, VPN/Direct Connect. | H10: Secure | I10: Not started
A11: =INT((B11-DATE(2026,10,13))/7)+1 -> 2 | B11: 46317 | C11: =TEXT(B11,"ddd") -> Thu | D11: 1 Core services | E11: 1 | F11: Route 53 | G11: Routing policies (failover, latency, weighted, geo), health checks. | H11: Resilient | I11: Not started
A12: =INT((B12-DATE(2026,10,13))/7)+1 -> 2 | B12: 46318 | C12: =TEXT(B12,"ddd") -> Fri | D12: 1 Core services | E12: 1 | F12: ELB + Auto Scaling | G12: ALB vs NLB vs GWLB, scaling policies, health checks. | H12: Resilient / Performance | I12: Not started
A13: =INT((B13-DATE(2026,10,13))/7)+1 -> 2 | B13: 46319 | C13: =TEXT(B13,"ddd") -> Sat | D13: 1 Core services | E13: 1.5 | F13: LAB: VPC + ALB + ASG | G13: Build custom VPC, launch EC2 behind ALB with ASG. Tear down after. | H13: Resilient | I13: Not started
... A41: =INT((B41-DATE(2026,10,13))/7)+1 -> 6 | B41: 46347 | C41: =TEXT(B41,"ddd") -> Sat | D41: 4 Final review | E41: 0 | F41: EXAM DAY | G41: Take the AWS SAA-C03 exam. | H41: All | I41: Not started
E42: =SUM(E2:E41) -> 44.5 | F42: TOTAL | J42: =SUM(J2:J41) -> 0

Sheet Weekly Summary
A1: Week | B1: Starts | C1: Planned Hrs | D1: Actual Hrs | E1: Days Done | F1: Days Planned | G1: Completion % | H1: Behind?
A2: 1 | B2: =DATE(2026,10,13)+(A2-1)*7 -> 46308 | C2: =SUMIFS('Daily Plan'!$E$2:$E$41,'Daily Plan'!$A$2:$A$41,A2) -> 8 | D2: =SUMIFS('Daily Plan'!$J$2:$J$41,'Daily Plan'!$A$2:$A$41,A2) -> 0 | E2: =COUNTIFS('Daily Plan'!$A$2:$A$41,A2,'Daily Plan'!$I$2:$I$41,"Done") -> 0 | F2: =COUNTIFS('Daily Plan'!$A$2:$A$41,A2) -> 7 | G2: =IF(F2=0,0,E2/F2) -> 0 | H2: =IF(AND(B2+6<TODAY(),G2<1),"BEHIND",IF(G2=1,"On track","-")) -> -
A3: 2 | B3: =DATE(2026,10,13)+(A3-1)*7 -> 46315 | C3: =SUMIFS('Daily Plan'!$E$2:$E$41,'Daily Plan'!$A$2:$A$41,A3) -> 8 | D3: =SUMIFS('Daily Plan'!$J$2:$J$41,'Daily Plan'!$A$2:$A$41,A3) -> 0 | E3: =COUNTIFS('Daily Plan'!$A$2:$A$41,A3,'Daily Plan'!$I$2:$I$41,"Done") -> 0 | F3: =COUNTIFS('Daily Plan'!$A$2:$A$41,A3) -> 7 | G3: =IF(F3=0,0,E3/F3) -> 0 | H3: =IF(AND(B3+6<TODAY(),G3<1),"BEHIND",IF(G3=1,"On track","-")) -> -
A4: 3 | B4: =DATE(2026,10,13)+(A4-1)*7 -> 46322 | C4: =SUMIFS('Daily Plan'!$E$2:$E$41,'Daily Plan'!$A$2:$A$41,A4) -> 8 | D4: =SUMIFS('Daily Plan'!$J$2:$J$41,'Daily Plan'!$A$2:$A$41,A4) -> 0 | E4: =COUNTIFS('Daily Plan'!$A$2:$A$41,A4,'Daily Plan'!$I$2:$I$41,"Done") -> 0 | F4: =COUNTIFS('Daily Plan'!$A$2:$A$41,A4) -> 7 | G4: =IF(F4=0,0,E4/F4) -> 0 | H4: =IF(AND(B4+6<TODAY(),G4<1),"BEHIND",IF(G4=1,"On track","-")) -> -
A5: 4 | B5: =DATE(2026,10,13)+(A5-1)*7 -> 46329 | C5: =SUMIFS('Daily Plan'!$E$2:$E$41,'Daily Plan'!$A$2:$A$41,A5) -> 8.5 | D5: =SUMIFS('Daily Plan'!$J$2:$J$41,'Daily Plan'!$A$2:$A$41,A5) -> 0 | E5: =COUNTIFS('Daily Plan'!$A$2:$A$41,A5,'Daily Plan'!$I$2:$I$41,"Done") -> 0 | F5: =COUNTIFS('Daily Plan'!$A$2:$A$41,A5) -> 7 | G5: =IF(F5=0,0,E5/F5) -> 0 | H5: =IF(AND(B5+6<TODAY(),G5<1),"BEHIND",IF(G5=1,"On track","-")) -> -
A6: 5 | B6: =DATE(2026,10,13)+(A6-1)*7 -> 46336 | C6: =SUMIFS('Daily Plan'!$E$2:$E$41,'Daily Plan'!$A$2:$A$41,A6) -> 8.5 | D6: =SUMIFS('Daily Plan'!$J$2:$J$41,'Daily Plan'!$A$2:$A$41,A6) -> 0 | E6: =COUNTIFS('Daily Plan'!$A$2:$A$41,A6,'Daily Plan'!$I$2:$I$41,"Done") -> 0 | F6: =COUNTIFS('Daily Plan'!$A$2:$A$41,A6) -> 7 | G6: =IF(F6=0,0,E6/F6) -> 0 | H6: =IF(AND(B6+6<TODAY(),G6<1),"BEHIND",IF(G6=1,"On track","-")) -> -
A7: 6 | B7: =DATE(2026,10,13)+(A7-1)*7 -> 46343 | C7: =SUMIFS('Daily Plan'!$E$2:$E$41,'Daily Plan'!$A$2:$A$41,A7) -> 3.5 | D7: =SUMIFS('Daily Plan'!$J$2:$J$41,'Daily Plan'!$A$2:$A$41,A7) -> 0 | E7: =COUNTIFS('Daily Plan'!$A$2:$A$41,A7,'Daily Plan'!$I$2:$I$41,"Done") -> 0 | F7: =COUNTIFS('Daily Plan'!$A$2:$A$41,A7) -> 5 | G7: =IF(F7=0,0,E7/F7) -> 0 | H7: =IF(AND(B7+6<TODAY(),G7<1),"BEHIND",IF(G7=1,"On track","-")) -> -
A8: TOTAL | C8: =SUM(C2:C7) -> 44.5 | D8: =SUM(D2:D7) -> 0 | E8: =SUM(E2:E7) -> 0 | F8: =SUM(F2:F7) -> 40 | G8: =IF(F8=0,0,E8/F8) -> 0
A10: Days until exam: | C10: =DATE(2026,11,21)-TODAY() -> 39
A11: Domain weights (SAA-C03): Secure 30% | Resilient 26% | High-performing 24% | Cost-optimized 20%

Sheet Practice Exams
A1: Attempt | B1: Date | C1: Score % | D1: Secure % | E1: Resilient % | F1: Performance % | G1: Cost % | H1: Weakest domain / notes
A2: Exam #1 (diagnostic) | B2: 46334
A3: Exam #2 | B3: 46340
A4: Timed set (30 Qs) | B4: 46343
A5: Extra attempt
A7: Target score before sitting the exam (hardcoded goal, edit if you like): | F7: 0.8
A8: Ready? | F8: =IF(COUNT(C2:C5)=0,"No data",IF(MAX(C3:C5)>=F7,"Looks ready","Not ready yet")) -> No data
A10: Legend: blue = cells for you to fill in. Official pass mark is 720/1000, but practice exams run easier or harder, so aim well above it.

Sheet Read Me
A1: HOW THIS PLAN WAS BUILT
A2: Exam: AWS Solutions Architect Associate (SAA-C03), 21 Nov 2026. Plan starts 13 Oct 2026.
A3: Inputs you gave: ~1 hr per weeknight, 1-2 hrs per weekend day (planned at 1.5 hrs; 2 hrs on practice-exam days), working Mon-Fri, weekend part-time class.
A4: Resource: AWS SAA partner readiness modules (no hands-on labs included) -> short labs added on weekends (marked LAB).
A5: Assumption: you already hold CCP and Network+, so cloud basics and networking get less time than a beginner would need.
A7: RULES
A8: 1. Update Status and Actual Hrs daily. The 'Weekly Summary' tab shows if you are behind.
A9: 2. Total planned hours are the minimum, with almost no slack. Missing 3-4 days puts the date at risk; make up lost hours on the weekend, do not drop practice exams.
A10: 3. Practice exams: you need your own question bank (AWS official practice questions or a third-party set). The modules alone are not enough.
A11: 4. From 16 Nov: no new material. Only review and weak areas.
A12: 5. Tear down every lab resource after use to avoid AWS charges.
